iter	Logloss
0	0.5680946408
5	0.3223575468
10	0.2743882124
15	0.2600526624
20	0.2545564259
25	0.2517498876
30	0.2502305882
35	0.2491330909
40	0.2485176141
